{
  "wall_ratio_budget": 10.0,
  "cases": {
    "zip_read_all": {
      "wall_ratio": 4.7074590115656845,
      "wall_s": 0.0007629659958183765,
      "stdlib_wall_s": 0.00016207597218453884
    },
    "tar_read_all": {
      "wall_ratio": 2.8062661216762863,
      "wall_s": 0.0005411799647845328,
      "stdlib_wall_s": 0.00019284698646515608
    },
    "gzip_read_all": {
      "wall_ratio": 5.885395887608687,
      "wall_s": 0.0003771299961954355,
      "stdlib_wall_s": 6.407895125448704e-05
    },
    "targz_read_all_accel_off": {
      "wall_ratio": 2.6606723224762567,
      "wall_s": 0.0009411809733137488,
      "stdlib_wall_s": 0.00035373802529647946
    },
    "tarbz2_read_all_accel_off": {
      "wall_ratio": 2.0108695223556645,
      "wall_s": 0.0013950970023870468,
      "stdlib_wall_s": 0.0006937779835425317
    }
  }
}
