{
  "wall_ratio_budget": 10.0,
  "cases": {
    "zip_read_all": {
      "wall_ratio": 4.883308227623106,
      "wall_s": 0.0010106739937327802,
      "stdlib_wall_s": 0.00020696502178907394
    },
    "tar_read_all": {
      "wall_ratio": 3.52930590033196,
      "wall_s": 0.0006674270262010396,
      "stdlib_wall_s": 0.00018910999642685056
    },
    "gzip_read_all": {
      "wall_ratio": 5.741902053043255,
      "wall_s": 0.0007510979776270688,
      "stdlib_wall_s": 0.00013080995995551348
    }
  }
}
